jgd_id;jgd_old_id;jgd_tag;jgd_nome;jgd_pis_id
1;6284d6ccc437fde7e02d6e7b;*YASUDON*;;1
2;62712944da9d7ca1c7badbfa;47_VT;;1
3;616dab72f8090ec7452886ea;AbechanTV;;1
4;62712944da9d7ca1c7badbf9;AkezoraRara;;1
5;5f3d8fdd95f40596eae242ab;akikansu;;1
6;6284d7cdc437fde7e02d6ec6;Akira0902;;1
7;5f3d8fdd95f40596eae24383;AKKINN;;1
8;61f90da4c437fde7e02ceee6;Alpha;;1
9;60bbcd9b6dcdb413cff64987;amatel;;1
10;6194ff46f8090ec74528cc8f;Amore;;1
11;616da7d6f8090ec745288689;Arcana;;1
12;607d7dda473f172e4c0d469a;Arch;;1
13;60bbd0ba6dcdb413cff64a14;Arinko;;1
14;616dab72f8090ec7452886e9;Arodra;;1
15;61950560143c37878b23e1c9;Arrow of Lights;;1
16;616da782f8090ec745288677;arutako.;;1
17;61e551d2c437fde7e02cca2b;Asnoric;;1
18;60c5cd4c490bd8649dd30ffe;Assault;;1
19;6195076af8090ec74528cd89;Avelthenics;;1
20;618009d0143c37878b23bc38;aviyon;;1
21;60c5cb379fc1a47e5f111abd;Ayun;;1
22;5f3d8fdd95f40596eae2437c;Battlelain;;1
23;61800945143c37878b23bc21;Caelum;;1
24;62712a6bc437fde7e02d54ad;Cironsa;;1
25;61e54fd6c437fde7e02cc9cf;CollapSE;;1
26;60c5cb379fc1a47e5f111abc;defiant;;1
27;62712bd7c437fde7e02d54fc;Depth;;1
28;60c5cdd99fc1a47e5f111b3d;Echo.;;1
29;60bbce346dcdb413cff649ab;EclaiL;;1
30;616daaad143c37878b239dbd;tomato;;1
31;6284d720c437fde7e02d6ea1;Elma;;1
32;62712854c437fde7e02d541f;Flugel;;1
33;61950263143c37878b23e165;Fsan;;1
34;6194ff92f8090ec74528cca6;Gale_K;;1
35;6172b0bf143c37878b239f89;grkn;;1
36;61e551d2c437fde7e02cca28;H4LFT1ME_;;1
37;5f3d8fdd95f40596eae24381;Haru;;1
38;616dabf2f8090ec7452886f3;Harutiki;;1
39;61f9101bda9d7ca1c7ba74a9;HKRN;;1
40;6284d785c437fde7e02d6eb7;Hosino_VT;;1
41;62712854c437fde7e02d5420;Howaitea;;1
42;6194ff46f8090ec74528cc8e;Ichimatsu;;1
43;61e55251c437fde7e02cca41;ine07233;;1
44;616da8bf143c37878b239d76;JEALOUS;;1
45;616da7d6f8090ec74528868a;justomon.;;1
46;61f91289da9d7ca1c7ba7528;K4n4_r;;1
47;61e54edcc437fde7e02cc9aa;KAKA0/\MAME.;;1
48;6180089c143c37878b23bc03;KING;;1
49;61e54e6eda9d7ca1c7ba4e86;kishin;;1
50;61800bfd143c37878b23bcc2;Koehari_;;1
51;616da8bf143c37878b239d75;KOMENO_333;;1
52;61950799f8090ec74528cd98;Koykle;;1
53;607d7dac473f172e4c0d3e73;Krilin;;1
54;61800b46143c37878b23bc73;ktm;;1
55;616da861143c37878b239d66;K.z;;1
56;60c5cd4c490bd8649dd30ffd;Lahire18;;1
57;61e54e6eda9d7ca1c7ba4e85;LegendAmaguri;;1
58;616dabf2f8090ec7452886f4;Lemni;;1
59;61e551d2c437fde7e02cca29;Lorelei;;1
60;61950312f8090ec74528ccee;Lqviris;;1
61;616da861143c37878b239d65;Lunatic;;1
62;61e55043c437fde7e02cc9e6;Lusk;;1
63;60bbcd9b6dcdb413cff64986;ma2ris;;1
64;61950263143c37878b23e164;maakaan;;1
65;62712bd7c437fde7e02d54fd;MAJIDE-Deluxe;;1
66;61864776f8090ec74528af62;mappi;;1
67;61e54f10da9d7ca1c7ba4ea5;mare;;1
68;607d7da3473f172e4c0d3a2e;masa;;1
69;616dab72f8090ec7452886eb;masshu1st;;1
70;627127d8da9d7ca1c7badba2;MeL_paruru;;1
71;61e551ddda9d7ca1c7ba4f24;melt;;1
72;616da8d8f8090ec7452886a0;Mido;;1
73;621c9c6eda9d7ca1c7ba93f1;Mizuha;;1
74;61f91289da9d7ca1c7ba7529;MKblack_41;;1
75;61e54cfcda9d7ca1c7ba4e51;mo2ka7;;1
76;62712998da9d7ca1c7badc17;Morider;;1
77;619503c1143c37878b23e19e;mosi;;1
78;60bbd0576dcdb413cff64a0a;n4sh;;1
79;616da7d6f8090ec745288688;Naoinko;;1
80;616da782f8090ec745288679;NaoKi;;1
81;61730e9b143c37878b23a0b9;Nez;;1
82;607d7dac473f172e4c0d3e74;Nick;;1
83;60bbce028029840609c3b440;NiKo;;1
84;60bbcd9b6dcdb413cff64988;niko2kanta;;1
85;616daaf8143c37878b239dcc;nipo;;1
86;61800a0b143c37878b23bc47;Nogurin;;1
87;621c9cf6c437fde7e02d0de5;nokoko;;1
88;6284d6ccc437fde7e02d6e7c;Nolaneco;;1
89;621c9cf6c437fde7e02d0de6;Nuco;;1
90;621c9f9ada9d7ca1c7ba94db;obu_c;;1
91;60c5ca0f9fc1a47e5f111aad;Onabe no Huta;;1
92;60bbcd9b6dcdb413cff64985;ONRUSH;;1
93;61e54fd6c437fde7e02cc9d0;orange.;;1
94;6172b048f8090ec745288901;PANDA;;1
95;5f3d8fdd95f40596eae24249;peseta;;1
96;61e55251c437fde7e02cca42;php;;1
97;60c5cb379fc1a47e5f111abe;pikanya;;1
98;61f90debda9d7ca1c7ba740a;piroro;;1
99;5f3d8fdd95f40596eae2437e;PLASMA;;1
100;616da861143c37878b239d64;popo;;1
101;62712a6bc437fde7e02d54ae;poppy;;1
102;6172b0bf143c37878b239f8a;potechi;;1
103;61f90debda9d7ca1c7ba7409;raahii;;1
104;61e55043c437fde7e02cc9e8;rain_to_apple;;1
105;61e55251c437fde7e02cca43;rarumo;;1
106;62712944da9d7ca1c7badbf8;Reg;;1
107;616da782f8090ec745288678;Remoter;;1
108;607d7dd1473f172e4c0d44a0;Retra;;1
109;61f90f64da9d7ca1c7ba746f;rezi;;1
110;61800945143c37878b23bc20;Rikocha;;1
111;61e54cfcda9d7ca1c7ba4e53;ROBIT9;;1
112;6172b48f143c37878b23a041;Rqxsia;;1
113;61950560143c37878b23e1ca;Rqz3ery;;1
114;61e54fd6c437fde7e02cc9ce;rRy7z-;;1
115;61e551d2c437fde7e02cca2a;Russ;;1
116;607d7da3473f172e4c0d3a2f;Ryzow;;1
117;61f90c56c437fde7e02ceeb4;sakusaku;;1
118;6064e1413036cdb09d7744f3;Serpent;;1
119;627127d8da9d7ca1c7badba3;Shiori;;1
120;61e55043c437fde7e02cc9e7;ShiroKuMa;;1
121;621c9e39da9d7ca1c7ba947f;shu;;1
122;61800b46143c37878b23bc72;shuka;;1
123;60bbd0ba6dcdb413cff64a15;sk;;1
124;60bbce346dcdb413cff649aa;slct;;1
125;5f3d8fdd95f40596eae2423e;sola;;1
126;61f90e5cda9d7ca1c7ba7436;Strelitzia;;1
127;60bbcefe6dcdb413cff649c9;SUGAVUKI;;1
128;61f9101bda9d7ca1c7ba74a8;syueP;;1
129;61f91289da9d7ca1c7ba752a;T0d0v0000sTLV;;1
130;616dab72f8090ec7452886e7;Takosuke;;1
131;60bbd0576dcdb413cff64a0c;tanukin;;1
132;60bbcefe6dcdb413cff649c8;temma;;1
133;61e54cfcda9d7ca1c7ba4e52;TenKu845;;1
134;5f3d8fdd95f40596eae2423f;tenon;;1
135;618009d0143c37878b23bc37;tenpuraaaa;;1
136;60c5cd4c490bd8649dd30fff;tetu;;1
137;627a3394da9d7ca1c7bae528;THUXYA;;1
138;61e54f10da9d7ca1c7ba4ea4;titomaru;;1
139;616dab72f8090ec7452886e8;Toki;;1
140;6194ff46f8090ec74528cc90;Toronto;;1
141;621c9c6eda9d7ca1c7ba93f2;tororo;;1
142;61f90debda9d7ca1c7ba740b;Tukai;;1
143;616dabf2f8090ec7452886f5;Turtle Crab and Kaelu;;1
144;60bbd0f68029840609c3b4bc;ura;;1
145;60bbd0f68029840609c3b4bb;Utsuho_Rin;;1
146;60bbcefe6dcdb413cff649ca;waiwai;;1
147;627127d8da9d7ca1c7badba1;wallx1;;1
148;5f3d8fdd95f40596eae24242;WEAGLE;;1
149;6284d6ccc437fde7e02d6e7d;xamxammax;;1
150;61800bfd143c37878b23bcc1;YAJUMI;;1
151;616dabf2f8090ec7452886f6;yaki!;;1
152;621c9ec0c437fde7e02d0e50;YMTO;;1
153;619500aef8090ec74528ccbc;yoyopanZ;;1
154;616dab72f8090ec7452886e6;YUkkkkE;;1
155;61e54e6eda9d7ca1c7ba4e87;yurin0420;;1
156;60bbd0576dcdb413cff64a0b;zalez_41;;1
157;61fe4a56da9d7ca1c7ba7bd4;5bs;;2
158;621ca644c437fde7e02d0fec;A8CH;;2
159;61800fd0f8090ec74528a5f4;a_clever_rabbit;;2
160;62713111c437fde7e02d5553;Adapz;;2
161;621ca419c437fde7e02d0f55;amogus;;2
162;61e5675dc437fde7e02ccbae;AmuKK;;2
163;60c46a3a9fc1a47e5f11199b;Arceon;;2
164;61f916ffc437fde7e02cf097;Artix;;2
165;619e62a1143c37878b23f076;Auriginal;;2
166;61e567c1da9d7ca1c7ba5054;ballim;;2
167;61801153f8090ec74528a648;BigFootBoss26;;2
168;60c469b99fc1a47e5f111970;BiscuitGalaxy;;2
169;619e6277f8090ec74528dbfd;Blade;;2
170;61800f62143c37878b23bd08;Bonzer;;2
171;60c469f79fc1a47e5f111986;Bread;;2
172;61800fd0f8090ec74528a5f5;Bubusz;;2
173;61f916ffc437fde7e02cf099;Car;;2
174;616fe4b8143c37878b239e24;Casesleet DS;;2
175;616fe33e143c37878b239e05;Chace;;2
176;616fe461f8090ec74528873e;ChristianW;Christian Wentzel;2
177;61801185143c37878b23bd9b;Craggles;;2
178;61a4aa3a143c37878b23f556;Crisp;;2
179;61e566bada9d7ca1c7ba502f;CZ4R1C;;2
180;61731f04143c37878b23a259;D3Funct;;2
181;619e61cb143c37878b23f058;Dante17021;;2
182;61731b9b143c37878b23a1d2;dece1ver;;2
183;61f91694da9d7ca1c7ba759a;Duklaz;;2
184;61f916ffc437fde7e02cf098;Dynamo;;2
185;60bb4e1bbd0db240d7a31f8c;Echo.;;2
186;61e566bada9d7ca1c7ba5030;Eggnogg;;2
187;61731962f8090ec745288a9b;Elf;;2
188;61731f04143c37878b23a258;EliakimZA;;2
189;616fe461f8090ec74528873d;eNtiTy._;;2
190;61e56868c437fde7e02ccbf6;Erratic;;2
191;616fe33e143c37878b239e04;fearlesscarrot;;2
192;60bb4b986d9c1362119ca7fd;Friction;;2
193;616fe556f8090ec745288756;Frostyy;;2
194;61f915dfda9d7ca1c7ba755f;Galaxyyyy;;2
195;60c46a9b9fc1a47e5f1119aa;Grape;;2
196;60bb4bfa6d9c1362119ca80e;h4mburger;;2
197;616fe556f8090ec74528875a;ilycoffeee;;2
198;61ebd735c437fde7e02cd239;Impie_sappie;;2
200;60c46a74490bd8649dd30e78;Jerome in da bath;;2
201;61f914f2c437fde7e02cf01e;joosh;;2
202;616fe461f8090ec74528873f;josho;;2
203;616fe5b1143c37878b239e43;JTW;;2
204;60c46906490bd8649dd30e59;JustSpecs;;2
205;616fe5b1143c37878b239e42;JWE;;2
206;621ca5eac437fde7e02d0fd5;Kaden;;2
207;616fe4b8143c37878b239e23;Kadenp;;2
208;61731b9b143c37878b23a1d3;Kenobiwan10x_x;;2
209;61800f62143c37878b23bd0a;KneeKnow;;2
210;60bb4b986d9c1362119ca7fc;Lackstar;;2
211;616fe556f8090ec745288757;LangNEKprof;;2
212;616fe33e143c37878b239e02;li0n;;2
213;61a4aa3a143c37878b23f557;LmNs.;;2
214;61a4ad0df8090ec74528e16e;Lucid.;;2
215;616fe556f8090ec745288755;Lux27.;;2
216;617318b3143c37878b23a174;Maelstrom9508;;2
217;616fe556f8090ec745288759;Margio95;;2
218;62712fecc437fde7e02d552e;Modezy;;2
219;61800fd0f8090ec74528a5f6;MonarchMustang;;2
220;616fe33e143c37878b239e03;Mr.Low;;2
221;61801153f8090ec74528a64a;MrWacky;;2
222;61801185143c37878b23bd9d;musicmad1278;;2
223;619e61cb143c37878b23f059;night_raider554;;2
224;616fe4b8143c37878b239e25;NooitBoet;;2
225;61f915dfda9d7ca1c7ba7560;Offset;;2
226;61731698143c37878b23a134;Olympic.;;2
227;616fe3b1f8090ec745288726;PotatoWithaGun;;2
228;616fe33e143c37878b239e01;PwnFlakes;;2
229;60c46a74490bd8649dd30e79;Ram;;2
230;61f914f2c437fde7e02cf01d;Rascel;;2
231;61e5675dc437fde7e02ccbad;RhinoFury.;;2
232;616fe3b1f8090ec745288727;RichardH 04;;2
233;627131c1c437fde7e02d5570;Riscay_Rheeno;;2
234;60bb4bfa6d9c1362119ca80f;RisenEclipse;;2
235;616fe371143c37878b239e0d;Rocky;;2
236;61731f04143c37878b23a25a;Rowen;;2
237;61e566bada9d7ca1c7ba502e;Sauce;;2
238;60c46a3a9fc1a47e5f111999;SchalkG;;2
239;619e6277f8090ec74528dbfc;Septer;;2
240;61e56839da9d7ca1c7ba5071;Serenity;;2
241;61a4a8eaf8090ec74528e063;shotzyy;;2
242;616fe556f8090ec745288758;shyon;;2
243;61800f62143c37878b23bd09;Sickii;;2
244;621ca5eac437fde7e02d0fd6;Solitude;;2
245;6284dee9c437fde7e02d7034;SONIC-_1397;;2
246;61801185143c37878b23bd9c;Sonnar92;;2
247;61801153f8090ec74528a649;Strutic;;2
248;61f915dfda9d7ca1c7ba755e;Sub-Zero;;2
249;61731698143c37878b23a133;Sweaty_Clarence;;2
250;61e56868c437fde7e02ccbf7;Syfohn.;;2
251;6193c487143c37878b23d962;TechnicEagle75;;2
252;61a4aa3a143c37878b23f555;TheKeychain22;;2
253;61a4a954143c37878b23f507;TimmyJS;;2
254;61f91694da9d7ca1c7ba759b;Trstn;;2
255;60c46906490bd8649dd30e5b;True Jeff;;2
256;61fe4df6da9d7ca1c7ba7c8c;VuDu;;2
257;60bb4e1bbd0db240d7a31f8d;Wee_Casper;;2
258;60bb4e1bbd0db240d7a31f8b;YoPeGo;;2
259;619e62a1143c37878b23f077;Yujn.;;2
260;6180109bf8090ec74528a616;Zeph;;2
261;60d08e2288116f536df975a1;Zero;;2
262;619e61cb143c37878b23f057;zzzFL3Xzzz;;2
263;61daef8bda9d7ca1c7ba3d33;3mari;;3
264;61ed28c5da9d7ca1c7ba5b2e;683h;;3
265;6266d944da9d7ca1c7bacf12;Abdullah3nb;;3
266;5f3d8fdd95f40596eae241a4;abood.;;3
267;60c1eb7c490bd8649dd30c04;Adot.;;3
268;61896ba2143c37878b23d12c;AMJD-K-S-A;;3
269;6179536a143c37878b23aeac;Amory;;3
270;5f3d8fdd95f40596eae2417e;Anas;;3
271;627b98b0da9d7ca1c7baec22;arb.;;3
272;61896a91143c37878b23d0eb;BetterCallYousef;;3
273;61896ba2143c37878b23d12d;BKQSS;;3
274;5f3d8fdd95f40596eae24182;bo0odi44;;3
275;6169e1f0f8090ec745287c7e;Bodi;;3
276;5f3d8fdd95f40596eae24174;Brownie.;;3
277;61896953f8090ec74528bb73;Devezy;;3
278;6213e30cc437fde7e02d07e0;dlfi.;;3
279;61daed76c437fde7e02cb7c9;Eenox;;3
280;5f3d8fdd95f40596eae24399;Eizo;;3
281;620a7c2fc437fde7e02cff2a;Errorless;;3
282;607d7db2473f172e4c0d3fa1;EviL97;Ali Alshehri;3
283;6266db7ec437fde7e02d4903;f9.;;3
284;616320b0f8090ec745287471;Fahad.;;3
285;61ed28c5da9d7ca1c7ba5b2c;FaHaD KING;;3
286;628cd2c5c437fde7e02d8053;Faisal;;3
287;6266d9e0da9d7ca1c7bacf45;Fares;;3
288;628cd2c5c437fde7e02d8054;Fxlr;;3
289;5f3d8fdd95f40596eae2438f;Glowz;;3
290;61ed2bebda9d7ca1c7ba5b68;Gwlany;;3
291;6179545bf8090ec74528960f;Hatem.;;3
292;61ed2beada9d7ca1c7ba5b67;Heisenberg;;3
293;61896b37143c37878b23d10f;HERO;;3
294;61daed15da9d7ca1c7ba3ca9;HMO;;3
295;627b97c8da9d7ca1c7baebe9;i8hw2;;3
296;5f3d8fdd95f40596eae24171;ix;;3
297;6193d275143c37878b23dc20;ixKillerx;;3
298;61daedebda9d7ca1c7ba3cdc;J8r;;3
299;628cd1fac437fde7e02d801a;Jowid;;3
300;60c1eb7c490bd8649dd30c03;JSM;;3
301;6266da5dda9d7ca1c7bacf5b;King.;;3
302;61daedb6da9d7ca1c7ba3ccd;King_Xx21;;3
303;60c1e927490bd8649dd30bcb;LeV;;3
304;60c1eb7c490bd8649dd30c02;m7md8noop;;3
305;6169da29143c37878b239321;Mag;Mohammed;3
306;61896a91143c37878b23d0ea;MAJID;;3
307;61795310f8090ec7452895be;meesh18;;3
308;61795401f8090ec7452895ff;Mentor.;;3
309;620a7d91c437fde7e02cff88;mesho;;3
310;6179536a143c37878b23aeab;mgrm;;3
311;627b9856c437fde7e02d6413;MnS.;;3
312;6154273f143c37878b2380a7;moayad;;3
313;627b9856c437fde7e02d6414;Mohammed.;;3
314;61896ba2143c37878b23d12e;Mohanned;;3
315;61ed2a35c437fde7e02cd68f;Mu3;;3
316;6169e011f8090ec745287c51;MySTeriOuS.;;3
317;5f3d8fdd95f40596eae24391;nadr;;3
318;5f3d8fdd95f40596eae2439a;Naizak;Yousif L.;3
319;6179536a143c37878b23aead;Nasser;;3
320;620a7d91c437fde7e02cff89;Nawaf.;;3
321;61896c61f8090ec74528bc17;Negan;;3
322;5f77ad09a0cb87e0663bc1c0;NFloopy;;3
323;620a7c65c437fde7e02cff41;Nwpo;;3
324;61ed29a5c437fde7e02cd655;Nym;;3
325;61ed29a5c437fde7e02cd656;oe_f9;;3
326;61ed28c5da9d7ca1c7ba5b2d;OS2MA;;3
327;61daee81c437fde7e02cb7e7;qNa9r;;3
328;61896953f8090ec74528bb74;Ragnar;;3
329;61daed76c437fde7e02cb7ca;Riezx;;3
330;60c1e927490bd8649dd30bcc;Rixy;;3
331;61896953f8090ec74528bb72;RLomar;;3
332;6266d9cdda9d7ca1c7bacf35;RwT;;3
333;61daed15da9d7ca1c7ba3ca8;ScooT;;3
334;5f5ae873c6cbf591c568a54d;SiAT;;3
335;5f77ad09a0cb87e0663bc1c1;SLK;;3
336;6266d9cdda9d7ca1c7bacf34;SoNr.;;3
337;616320b0f8090ec745287470;SQQP;;3
338;60c1eae6490bd8649dd30bf1;Suliman3nb;;3
339;5f8910cc4f0e8d24ca7ef455;sythe;;3
340;6169e634f8090ec745287cb1;t9berh;;3
341;6169d5bff8090ec745287c3b;Talal.;Talal Al-Sanea;3
342;61896c61f8090ec74528bc18;Tiger;;3
343;61896c61f8090ec74528bc16;Totti;;3
344;6266d9cdda9d7ca1c7bacf36;Trfnx.;;3
345;5f5ae872c6cbf591c568a547;twty;;3
346;61daedebda9d7ca1c7ba3cdd;Ultron;;3
347;61daedebda9d7ca1c7ba3cde;Vergil;;3
348;61632035143c37878b238b2c;Vipex;;3
349;61795401f8090ec745289600;WAJEH;;3
350;6266db20c437fde7e02d48ed;Willie.;;3
351;6193d275143c37878b23dc1e;Winters;;3
352;5f3d8fdd95f40596eae24397;xDangerousPlayer;;3
353;61daed15da9d7ca1c7ba3ca7;xScary;;3
354;6266d998da9d7ca1c7bacf25;Y25.;;3
355;607d7de9473f172e4c0d4b1f;Yahya;;3
356;617952e4143c37878b23ae95;yii2_3;;3
357;61daed76c437fde7e02cb7c8;YouseF;;3
358;61daee81c437fde7e02cb7e8;ziyad;;3
359;617d200ef8090ec745289fdf;Abdelaty;;4
360;60bb4b446d9c1362119ca7eb;AbuLba;;4
361;61794c34f8090ec7452894a1;acefryst;;5
362;5f3d8fdd95f40596eae23f40;Acrox88;Anthony Christian Digneng Uy;6
363;61794b8df8090ec74528948b;Ahmad;;5
364;6266defac437fde7e02d498f;Aimen;;7
365;6030898a663c30502bdac593;Aimz;Aiman Nissan;8
366;5fd40efc0e831f1d52bce3b5;airmac;;8
367;612c8f0887f814e9fb000439;aiz;;8
368;61794d24143c37878b23ade8;Akara;;9
369;628cdabac437fde7e02d825e;Akrasul;;6
370;628cd8b6da9d7ca1c7bb0afd;Akwack;;10
371;627b91fada9d7ca1c7baeaf2;ALeon;;7
372;6180103ff8090ec74528a600;Aljezz;;11
373;5f3d8fdd95f40596eae244d9;Alpe;;12
374;5f3d8fdd95f40596eae244ca;Aris;;13
375;5fcbf72a0fed6b419c84cb82;arssego;;12
376;620a7ee7da9d7ca1c7ba8493;Aruphy;;14
377;6266dd89c437fde7e02d4944;Aryan Cr7;;10
378;62712fc0da9d7ca1c7badcbc;Atlantisee_;;11
379;5faeab2ee9ce4ed313ea60e5;Awdaz;;12
380;627b9370c437fde7e02d6361;Ayua;;6
381;5f3d8fdd95f40596eae24565;Azmo;;15
382;6162f9d9f8090ec74528737c;BaLLooN;;5
383;60be1869490bd8649dd3084d;Bang DuLz;;14
384;61794d24143c37878b23ade7;battaash;;9
385;61ee804cc437fde7e02cdb28;Bazmo;;8
386;5f3d8fdd95f40596eae24339;Bemmz;Bernardo Siqueira Marta;12
387;6266d20bda9d7ca1c7bacdcd;Bigrooster;;8
388;619e616e143c37878b23f033;Billyy;;11
389;61e56630da9d7ca1c7ba5006;Blazer;;11
390;60b0d16d6f276bd52a382ba8;Bliss;;13
391;5f3d8fdd95f40596eae242a9;Blue;Kel Joe Ang;5
392;61800faa143c37878b23bd14;BlueDragonn;;11
393;5fdc33daaf4622aaaa8d1d1d;boomer;;8
394;618956cbf8090ec74528ba6b;Bori;;7
395;61658b11143c37878b238c07;Bougee;;8
396;61ebd951da9d7ca1c7ba5777;boy974s;;11
397;5f3d8fdd95f40596eae24548;Bratiche;;16
398;5f5ae8a8c6cbf591c568a621;Brenox;Joao Fernandes;12
399;617950a2f8090ec7452895a4;Broski;;10
400;600a35953079570c02768f94;Bubz;;8
401;61e56630da9d7ca1c7ba5007;Bunchee;;11
402;6163206ef8090ec745287461;Bustanji;;17
403;5f3d8fdd95f40596eae2454c;Butters;;8
404;5f77ad09a0cb87e0663bc1bf;BuZayed;;18
405;5fc70265521c2b728acff32d;c0Re;;19
406;600a36013079570c0276c047;caden;;12
407;61794dadf8090ec7452894f3;Callux;;10
408;6162f9d9f8090ec74528737d;"Ch/&k$""!";;7
409;5f3d8fdd95f40596eae23f19;Chaos Adm;;10
410;627b92f1c437fde7e02d6336;CheeseCake;;10
411;627b952ac437fde7e02d63c4;ChronoSnow;;7
412;613bafa7143c37878b236855;civex;Tom Grindell;45
413;621ca419c437fde7e02d0f54;ckeno;;13
414;61e56690da9d7ca1c7ba501e;claude974;;11
415;627b86f1da9d7ca1c7bae9c5;Comet;;8
416;6283a688c437fde7e02d6a13;Commutator;Shantanu Modak;7
417;6007479725dd47da00ef03ec;Crazey;;8
418;61800faa143c37878b23bd12;Creativix4;;11
419;6083837059c52797c6784167;Crs;;20
420;6163206ef8090ec745287460;Cyan.;;17
421;626d53e8da9d7ca1c7bad59e;Cyan.;;21
422;627b8a24da9d7ca1c7baea44;CYRAX;;8
423;60c8613788116f536df969c7;DabboD;;6
424;6162fcdbf8090ec7452873dd;DabboD14;;6
425;618960d2143c37878b23d00c;Dadarr;;14
426;6067a5f4cf18b166eaa55c43;Dam;;16
427;61dc141cda9d7ca1c7ba3fa8;Damo;;8
428;5f77af56a0cb87e0663bc4f7;Danielito;;19
429;605d19814d63e1b16e2ff63b;Dann;;7
430;6051090c2629ffaa11f79424;dappluto;;12
431;6162fc0ff8090ec7452873b9;DarkElimination;;9
432;6162fcdbf8090ec7452873de;David;;6
433;628cd6ebc437fde7e02d813e;davidnicholai;;6
434;61e55ebec437fde7e02ccb00;davindson;;12
435;6266e0aada9d7ca1c7bad083;DDilsta;;22
436;61801932f8090ec74528a6b8;Deliivery_God;;12
437;5f3d8fdd95f40596eae242a7;Derk;Derrick Delos Reyes;6
438;6162fd21f8090ec7452873ee;diesalot;;10
439;619e616e143c37878b23f032;Dillawave;;11
440;61795310f8090ec7452895bf;distrion;;23
441;6162fa9af8090ec74528738c;Dizzo;;10
442;600a36013079570c0276c048;dreevo;;12
443;5f3d8fdd95f40596eae23f41;DumbWaysToDie;;7
444;6284c122da9d7ca1c7baf69a;DylaN;;12
445;61658b11143c37878b238c08;Eckey;;8
446;61794cf8f8090ec7452894c7;Engee;;10
447;6024a1422d55a46a83a2b65b;Eris;;13
448;628cd7fcc437fde7e02d818d;Ethanhunt927;;10
449;61801932f8090ec74528a6b9;Eygvi;;12
450;6193d275143c37878b23dc1f;F2Hadiv;;18
451;6271313eda9d7ca1c7badce7;fantasy.;;11
452;5f3d8fdd95f40596eae23f1a;Fibo;;10
453;620a847dda9d7ca1c7ba8599;Fizz;;5
454;6266df65c437fde7e02d49ac;flare63;;6
455;619e612ff8090ec74528dbc9;Flem de joue;;11
456;60500f42097037e8dbbea67d;flip;;12
457;620a7ee7da9d7ca1c7ba8492;Frederon;;14
458;5fab3e4665a68fabf15a7191;Freeze;;8
459;60be0f77490bd8649dd30796;Friizy;;10
460;628cd866c437fde7e02d81ac;Frwz;;14
461;5f3d8fdd95f40596eae240e7;GaTox;;19
462;5fdc33a6af4622aaaa8cf8f3;geb.;;8
463;61895700f8090ec74528ba73;Ghostfire;;6
464;628cdabac437fde7e02d825f;Glisters_;;6
465;617953b7143c37878b23aeb5;Hamadi;;24
466;60be18279fc1a47e5f111494;hamtawo;;14
467;5f3d8fdd95f40596eae24508;Happypingoo;;8
468;6284dec7da9d7ca1c7baf928;HeatzyRL;;11
469;619e612ff8090ec74528dbca;HeksLyx;;11
470;627b92f1c437fde7e02d6335;hencov1d;;25
471;61ee794dda9d7ca1c7ba5e39;Hexa;;9
472;61daf533da9d7ca1c7ba3e00;Hexa is Tired;;9
473;60be08ea490bd8649dd3073f;Hireo;Joaquin Abesamis;6
474;61ee7b4eda9d7ca1c7ba5ea1;Hirodane;;10
475;61895535143c37878b23cf91;HolyTrinity;;10
476;6266d884da9d7ca1c7bacee0;Humble;;17
477;600a35593079570c02767514;igarashI;;12
478;6266e076c437fde7e02d49e0;Immo.;;14
479;616d8dd0f8090ec745288365;ipa;;16
480;61ee7dd4da9d7ca1c7ba5ee3;Iris.;;8
481;617953b7143c37878b23aeb7;IslamDR03;;24
482;61794c70143c37878b23adc2;Itsuki;;6
483;5f3d8fdd95f40596eae24211;Ivan.;;26
485;6189628ff8090ec74528bac8;izzikan;;7
486;6177fed0143c37878b23ac48;Jack;;8
487;612a57b387f814e9fb00023e;Jackay;;8
488;61ee7dd4da9d7ca1c7ba5ee4;Jackko;;8
489;5f3d8fdd95f40596eae242c4;Jaffa;;8
490;621c9634da9d7ca1c7ba9345;jakes;;12
491;61794c34f8090ec7452894a3;Jamity.;;27
492;61794b5f143c37878b23ad90;jayk;;10
493;61950fbf143c37878b23e3b1;jbinho.;;12
494;625d6b7ec437fde7e02d3b72;JG;;12
495;5f3d8fdd95f40596eae24552;Jimby;;8
496;620a7c2fc437fde7e02cff2b;jinn;;17
497;6284c398da9d7ca1c7baf712;jmp;;16
498;612c8f0887f814e9fb00043b;Jodelva;;8
499;61695feaf8090ec745287a98;john;;28
500;625d6b58da9d7ca1c7bac23c;Joonn;;12
501;61951219f8090ec74528ceea;joryx;;8
502;5fdc33d4af4622aaaa8d1784;Joshuadx7;;15
503;61895570f8090ec74528ba2e;Joyy;;10
504;5f3d8fdd95f40596eae24137;JPow;;13
505;613bb45ef8090ec7452852fb;juck;;8
506;60b9e0fd750df5a9c034d214;juicy;Charles Sabiani;29
507;5f3d8fdd95f40596eae2445e;Jushu;;30
508;60bb4b446d9c1362119ca7ec;K-Nine;;4
509;60be18279fc1a47e5f111493;K1d5;;13
510;5fadd1c1a392ba2afb9f2358;Kachow;;8
511;6177fed0143c37878b23ac46;kadenyy;;8
512;61dc125cc437fde7e02cba21;Kalistiik;;8
513;62713181da9d7ca1c7badd06;Karma.;;11
514;60be0d279fc1a47e5f1113e6;karthikb351;;10
515;61ebd821c437fde7e02cd256;Kasumi_Momoshiro;;11
516;5f3d8fdd95f40596eae24528;Kei;;14
517;5f3d8fdd95f40596eae24159;Kenzo;;29
518;61ee7ab1c437fde7e02cda15;Kiyohime;;7
519;5fbda6d716fbe0e46966afeb;klawzt;;16
520;61794dadf8090ec7452894f2;Knightshadz;;10
521;616da9ecf8090ec7452886b6;KOR_La;;31
522;61950fbf143c37878b23e3b2;krahyz;;12
523;628cd7fcc437fde7e02d818e;Krono;;21
524;628cda3ac437fde7e02d823a;KRYSIS;;10
525;620a7f4ada9d7ca1c7ba84b8;Kylo;;22
526;61ee79b5da9d7ca1c7ba5e4f;kymerra;;10
527;5fbda6ca16fbe0e46966adbe;Laaggo;;12
528;5f3d8fdd95f40596eae2420f;Lasa.;;26
529;621a2495c437fde7e02d0a9c;lee;;7
530;5f3d8fdd95f40596eae2434d;Lexa;;12
531;620a7c85da9d7ca1c7ba841a;Light;;32
532;6169e634f8090ec745287cb0;Lightning !;;33
533;6162facf143c37878b238ac8;Lixon;;5
534;61894c84f8090ec74528b906;Loaf.;;8
535;617c1790f8090ec745289b89;Logic;;6
536;61daf488da9d7ca1c7ba3dd3;lott.;;7
537;621c95e9da9d7ca1c7ba933d;lpxtreme364;;12
538;61e185c2da9d7ca1c7ba45d4;LT;;6
539;61801932f8090ec74528a6ba;LUC4SH;;12
540;61801536143c37878b23bdf0;lukezera;;12
541;60b79c826434dfc705780d30;lulu;;8
542;61dc141cda9d7ca1c7ba3fa7;Lulz;;8
543;5f3d8fdd95f40596eae241b4;LumberJ4Ck;;18
544;61800ef7f8090ec74528a5c0;LuthZhone;;11
545;61896ba2143c37878b23d12b;lynx;;33
546;6162fc80f8090ec7452873c7;M3L0DY;;22
547;61895570f8090ec74528ba30;Machi;;7
548;618956cbf8090ec74528ba6a;Maestro;;10
549;6266d22eda9d7ca1c7bacdd5;matthew;;8
550;6266dfe0da9d7ca1c7bad068;melumii;;6
551;61daef2cc437fde7e02cb80c;mentus;;34
552;60be102d490bd8649dd307b4;Mido;;10
553;5f8648bfc1b0ba58c1ea22a2;Minderia;;8
554;61daf7efda9d7ca1c7ba3e79;Mindkiller;;10
555;60500f2f097037e8dbbea542;mingrx;;12
556;6155c9b3f8090ec745286b57;mith;;8
557;628cd69bc437fde7e02d8127;Mizzen;;10
558;620a804bda9d7ca1c7ba84e5;MKAY;;5
559;6283b058c437fde7e02d6b27;MordrogX;;10
560;62701cecc437fde7e02d53d3;morph;;12
561;5f3d8fdd95f40596eae24551;Moss;;15
562;61780013143c37878b23acab;Naspire;;8
563;5fbda6d716fbe0e46966afec;Navarro;;20
564;61e566f6c437fde7e02ccb9e;Nayr;;11
565;620a847dda9d7ca1c7ba859b;Nearmiss PH;;6
566;60c85f3967835678df0154bd;Necro;;10
567;620a83ffda9d7ca1c7ba8582;Nekimo;;10
568;61800faa143c37878b23bd13;NeroxK92;;11
569;616d8d62f8090ec74528834f;netao;;12
570;620a7f97da9d7ca1c7ba84cf;never;;22
571;6266de0ada9d7ca1c7bad010;nevergiveuppernocap;;10
572;61daf2a6da9d7ca1c7ba3d90;Nicole;;5
573;6169e189f8090ec745287c6e;night.;;33
574;627b92f1c437fde7e02d6334;nightwing;;14
575;607d7e10473f172e4c0d4ffc;nikko;;16
576;5f3d8fdd95f40596eae2421d;Niklas;;35
577;5fe3cbaf02e3d7a040c635f1;Nite;;8
578;61794c34f8090ec7452894a2;Niukuho;;7
579;620a7f4ada9d7ca1c7ba84b7;nomi;;7
580;61ee7a38da9d7ca1c7ba5e66;NotSoLaggy;;14
581;627a3c33c437fde7e02d5e94;Noxya;;11
582;61e56630da9d7ca1c7ba5008;nuaj.;;11
583;620a8160c437fde7e02cfff4;Nzee;;5
584;61e55e72da9d7ca1c7ba4faa;obtth;;12
585;6266dd89c437fde7e02d4945;OneEyed Assassin;;10
586;6163206ef8090ec74528745f;Onyx;;17
587;6266de0ada9d7ca1c7bad011;orjanguse.;;10
588;61ee818eda9d7ca1c7ba5f95;Osiris;;28
589;61794dadf8090ec7452894f4;osum;;10
590;604e566801d675f81a96cb33;Pagsi;;8
591;5f3d8fdd95f40596eae24346;Panic;;12
592;6162fbe5f8090ec7452873b0;panjut;;5
593;61794dfd143c37878b23ae0d;paolotiu;;6
594;5f3d8fdd95f40596eae24554;Paradise;;8
595;5f3d8fdd95f40596eae23e18;Peep;;13
596;627b8a24da9d7ca1c7baea43;Pengoli;;8
597;6162fb4f143c37878b238ad7;Penju;;10
598;6266e04bc437fde7e02d49ca;PIZZAA;;25
599;61800ef7f8090ec74528a5c1;Plisfos;;11
600;61ebd950da9d7ca1c7ba5776;pnda.;;11
601;619e616e143c37878b23f031;Pole Emploi 974;;11
602;61731b9b143c37878b23a1d1;PoRRa07;;36
603;620a83ffda9d7ca1c7ba8581;PriyaanK.;;10
604;6189648ef8090ec74528bb19;PROF;;10
605;61daf1c6da9d7ca1c7ba3d5a;QuBoyd;;5
606;6266defac437fde7e02d498e;qur_k;;7
607;628cd69bc437fde7e02d8128;Ra Aten;;10
608;618960d2143c37878b23d00d;ran;;14
609;61daf533da9d7ca1c7ba3e01;Random Quack;;10
610;61daf1c6da9d7ca1c7ba3d5b;Rappy;;10
611;616d8dd0f8090ec745288366;rayio.;;19
612;627b8ba6da9d7ca1c7baeab5;Rayy14;;8
613;618955cbf8090ec74528ba46;ReV.;;9
614;61794d4c143c37878b23adf0;Revise;;10
615;620a83ffda9d7ca1c7ba8583;Rexem.;;10
616;61794f1f143c37878b23ae47;Rhenium;;10
617;620a804bda9d7ca1c7ba84e6;Rhythmia;;7
618;5f3d8fdd95f40596eae24149;Ridz;;14
619;61ee804cc437fde7e02cdb29;Rocs;;8
620;605aca9053a71a78eacbc276;roods;;12
621;5f5ae860c6cbf591c568a506;RoToR;;8
622;616947f1143c37878b239129;Roy;;10
623;607d7c77473f172e4c0cf60e;Rushil_Y;;10
624;61632145143c37878b238b57;rustycolt;;4
625;60500f42097037e8dbbea67e;Rxiz;;12
626;6189648ef8090ec74528bb18;ryuga.;;10
627;61895570f8090ec74528ba2f;Ryzen1738;;7
628;61daf24fda9d7ca1c7ba3d87;Saber;;37
629;620a7c85da9d7ca1c7ba841b;SaikyM;;32
630;61800ef7f8090ec74528a5c2;Saino;;11
631;5fbda6c516fbe0e46966ac99;saireX;;12
632;620a847dda9d7ca1c7ba859a;SanjuroMudkipz;;6
633;61daf488da9d7ca1c7ba3dd2;sanyo.;;5
634;61daf24fda9d7ca1c7ba3d86;Savage_;;38
635;607d7d9b473f172e4c0d3a09;saya;;13
636;627b86d5da9d7ca1c7bae9bd;schmory;;8
637;6169e722143c37878b2393bd;ScoB;;33
638;60be102d490bd8649dd307b6;Scorcher;;10
639;5f9c7cf95246bf27936b4aa8;Scruffy;;8
640;61daf423da9d7ca1c7ba3dbc;SeaDog;;14
641;6162facf143c37878b238ac7;seb_1143;;39
642;6007476925dd47da00eef775;Sen Horo;;8
643;61e54e0bc437fde7e02cc98b;sh0cksie;;40
644;61794b5f143c37878b23ad8f;SharmaJiKaBeta;;10
645;60be0f77490bd8649dd30795;SKR;;10
646;61e56690da9d7ca1c7ba501f;SkyGetsu;;11
647;6266defac437fde7e02d498d;slow9611;;7
648;61ee79b5da9d7ca1c7ba5e50;SLumDOgg;;10
649;5f3d8fdd95f40596eae24297;snaz;Ryan Gauna;13
650;628ccdaada9d7ca1c7bb0845;Soulja;;8
651;600a31efae441ae3e6008347;Sparrow;;8
652;6266dd89c437fde7e02d4943;spdfghi;;10
653;607d7e5b473f172e4c0d64af;speedhack;;12
654;5f3d8fdd95f40596eae24141;Splashy;;13
655;61895535143c37878b23cf93;STARLORD;;10
656;60c46d599fc1a47e5f1119da;starwindss;;19
657;61e54e0bc437fde7e02cc98d;stix;;13
658;60a9e656aeb31d38b6a9e128;Storm;;8
659;60500f2f097037e8dbbea543;Stormiity;;12
660;5f3d8fdd95f40596eae23f4b;Strov3;Gustavo Sartorio;12
661;6177fed0143c37878b23ac47;Styles;;8
662;5faeab06e9ce4ed313ea4607;SuMsEt;;8
663;60be0f259fc1a47e5f1113fe;sun_on_run;;10
664;5f3d8fdd95f40596eae23eef;Sycho;;14
665;61ee804cc437fde7e02cdb27;Syn;;8
666;62713181da9d7ca1c7badd05;SYRIIX;;11
667;617953b7143c37878b23aeb6;Taker;;24
668;627b91fada9d7ca1c7baeaf1;takoyaki;;41
669;60be08ea490bd8649dd30740;Tank;;6
670;626d5309c437fde7e02d4ea4;TBYUBD;;7
671;61daf2a6da9d7ca1c7ba3d8f;Teenagedream;;5
672;5f3d8fdd95f40596eae24545;Tgex;;19
673;5f5ae85fc6cbf591c568a4fd;The Optimistic Noob;;14
674;600a36013079570c0276c04a;thiagxw;;12
675;61daf533da9d7ca1c7ba3dff;Timee;;7
676;613bafa7143c37878b236856;Timmy;;8
677;620a8160c437fde7e02cfff3;tonie;;31
678;618960d2143c37878b23d00b;Tornado62;;14
679;5f3d8fdd95f40596eae24573;trellski;;8
680;60c85f3967835678df0154be;Trigger;;10
681;6266dfe0da9d7ca1c7bad067;tubigwater.;;6
682;61ee7fafda9d7ca1c7ba5f40;UltimateDuck;;8
683;61794f1f143c37878b23ae46;UNIVERSE;;5
684;5f70c53651131744b3b7b3ce;Valisk;;15
685;61daf488da9d7ca1c7ba3dd4;vapour;;5
686;5f3d8fdd95f40596eae2456f;Viiexn;;8
687;61ee7769da9d7ca1c7ba5da5;vinnc;;6
688;616da9ecf8090ec7452886b8;Vital;;31
689;620a8665da9d7ca1c7ba8615;Vult;;8
690;628cd7fcc437fde7e02d818c;Vusterz;;21
691;6064e2323036cdb09d774567;wa.;;31
692;61ebd951da9d7ca1c7ba5778;Wiiloo;;11
693;61ee7a38da9d7ca1c7ba5e67;Wingspot;;14
694;605aca8953a71a78eacbc226;wisty;;12
695;6180103ff8090ec74528a5ff;Wodenn;;11
696;620a8740c437fde7e02d007a;xav;;8
697;61895535143c37878b23cf92;Xtra_8;;10
698;61ee7b4eda9d7ca1c7ba5ea2;Yakubo;;10
699;600a35593079570c02767534;yanquer;;12
700;6162fcdbf8090ec7452873df;yogurt;;6
701;628cd866c437fde7e02d81ab;Yumeko;;14
702;620a7f4ada9d7ca1c7ba84b9;Yuru;;14
703;6180103ff8090ec74528a5fe;z27vib;;11
704;61ee7a38da9d7ca1c7ba5e68;ZANIZ;;14
705;6189648ef8090ec74528bb17;zeaux.;;10
706;619e6058f8090ec74528db90;Zen;;11
707;6271313eda9d7ca1c7badce8;zentox;;11
708;61e54e0bc437fde7e02cc98c;Zeus.;;13
709;61ee7b4eda9d7ca1c7ba5ea3;ZVIK.;;10
710;60c46a3a9fc1a47e5f11199a;2Die4;David Morgenrood;2
711;5f3d8fdd95f40596eae24187;Abdulaziz;Abdulaziz Tariq;3
712;5f3d8fdd95f40596eae23f3f;Abscrazy;Abhai Ponna;10
713;5fb188fc6a1a29326c859b8c;accro;Aston Smith;28
714;5f3d8fdd95f40596eae2428c;AcroniK.;Bruno Alexandre dos Santos Lopes;42
715;600a35c73079570c0276a646;aguz;Agustín Benitez;16
716;5f3d8fdd95f40596eae23f88;Ahmad;Ahmad Abdullah;3
717;5f3d8fdd95f40596eae240e5;ajg;Lautaro Gusinsky;16
718;61fd2f85c437fde7e02cf3af;Alem;Asaba Tatsuya;1
719;5f3d8fdd95f40596eae24181;Ali.;Ali Aldhohayan;3
720;5f3d8fdd95f40596eae23d91;Allushin;Braxton Lagarec;43
721;5f3d8fdd95f40596eae23ee3;Alpha54;Yanis Champenois;29
722;60be0f259fc1a47e5f1113ff;Amaryllis;Adit Prasad;10
723;5f3d8fdd95f40596eae24199;ams.;Abdullah Alsubaie;3
724;5f3d8fdd95f40596eae24161;ApparentlyJack;Jack Benton;28
725;5f3d8fdd95f40596eae2415f;Archie;Archie Pickthall;28
726;5f5ae803c6cbf591c568a385;arju;Ario Berdin;44
727;6083853259c52797c6784421;artezzy;Daniel Gonzalez;19
728;60be08ea490bd8649dd3073e;AryaNeil;Arya Neil Kabi;10
729;609753b5b2e58825e013ac0c;Ashllxyy.;Ashley Edwards;28
730;5fbf35ee11b0f5756d4bb003;Asphyx;Anshul Atreya;10
731;5f3d8fdd95f40596eae23f70;AtomiK;Sergio Pérez Cortés;26
732;5f3d8fdd95f40596eae2441b;Atow.;Tristan Soyez;45
733;6074ce8100af93009ae4fc80;avasttz;Cauã Cerione;12
734;5f3d8fdd95f40596eae23f83;AztraL;Maello Ernst;45
735;5fbda6e016fbe0e46966b13e;Aztromick;Luis Felipe;12
736;5f3d8fdd95f40596eae2438a;B2seL;Basel Hisham;3
737;5f3d8fdd95f40596eae24343;baait;Andrew Souza;12
738;5f3d8fdd95f40596eae242a8;ballerrees;Joshua Tng;7
739;5f84c4e0c1b0ba58c1ea1fed;blaze.;Josh Demers;43
740;5f3d8fdd95f40596eae23e5d;blu3y;Hamish Watt;15
741;5f3d8fdd95f40596eae23dc8;bluey.;Dan Bluett;28
742;5f5ae8fdc6cbf591c568a798;bmendesantos;Bernardo Mendes;12
743;5f3d8fdd95f40596eae2427d;brad;Pedro Lima;12
744;5f3d8fdd95f40596eae23f7d;Breezi;George Rusiecki;48
745;60a540bcc95ad8205ab4d133;Broski;Eu Jinn Chegne;5
746;5f3d8fdd95f40596eae23f53;BRUNOVISQUII;Bruno Roschel;12
747;5f3d8fdd95f40596eae2437d;BunnyDummy;Ali Madari;46
748;5f3d8fdd95f40596eae2414a;Burn;Shoki Minamigawa;1
749;5f3d8fdd95f40596eae23f60;caard;Gabriel Vieira Cardoso;12
750;5f3d8fdd95f40596eae23f4d;CaioTG1;Caio Vinicius;12
751;61658e65143c37878b238c87;caleb.;Caleb Durrant;15
752;6074ce8100af93009ae4fc81;canom;Victor Matheus de Assis;12
753;5f3d8fdd95f40596eae241fb;Carca;Javier Caballero;26
754;5f3d8fdd95f40596eae23fa3;Catalysm;Leonardo Christ Ramos;47
755;5f3d8fdd95f40596eae23dc9;Chausette45;Thibault Grzesiak;29
756;5f3d8fdd95f40596eae24188;chikage;Yousif;3
757;5f3d8fdd95f40596eae240a4;Chippy;Dan Hypher;28
758;5f3d8fdd95f40596eae2441a;Chr1s;Christiano Xavier;12
759;5f3d8fdd95f40596eae23e40;CJM;Cameron McGrouther;15
760;605d19814d63e1b16e2ff63a;Claw-Z;Nishant Modak;7
761;5f3d8fdd95f40596eae24513;Compact.;Zeno Sterkens;45
762;5f3d8fdd95f40596eae23d81;CorruptedG;Gabriel Vallozzi;43
763;5f3d8fdd95f40596eae2404c;creamyy;Joakim Scheelhardt;38
764;5f3d8fdd95f40596eae2413a;creamz;Gwil Muir;48
765;5f3d8fdd95f40596eae24191;crespor;Nawaf Al-Osaimi;3
766;5fbda6c516fbe0e46966ac4b;Crispy;Shaun Tafara Murindagomo;28
767;5f3d8fdd95f40596eae241f1;crr;Cristian Fernandez;26
768;5f3d8fdd95f40596eae242a6;Cypso;Sean Patrick Delos Reyes;6
769;5f3d8fdd95f40596eae24389;d7oom-24;Abdulrahman Saad;3
770;60c469b99fc1a47e5f11196f;Daisy;Kamran Christopher Naidoo;2
771;60bb4abf6d9c1362119ca7d3;Darth.;Ethan Deysel;2
772;616d8e4df8090ec745288391;darxtz;Matheus Gabriel;12
773;5f3d8fdd95f40596eae240d9;davinsano;Davi Augusto Silva Chaves;12
774;5f3d8fdd95f40596eae24418;Davitrox;David Gárate;19
775;603d350a379faff731b9fcf6;Davoof;Davide Lo Cicero;44
776;5f3d8fdd95f40596eae2403c;Dead-Monster;Lorenzo Tongiorgi;44
777;5f3d8fdd95f40596eae240df;Deathxplotion;Bryan;19
778;5f3d8fdd95f40596eae23da0;Deevo;David Morrow;28
779;60be0f77490bd8649dd30797;DeluxeWiz;Manesh Gandhi;10
780;60be178a490bd8649dd3082f;dep;Daffa Ramadhan;14
781;5f3d8fdd95f40596eae23e28;DmentZa;Raúl Palazuelos;26
782;5f3d8fdd95f40596eae23dd7;Doomsee;Ryan Graham;28
783;5f3d8fdd95f40596eae2452a;Dorito;Ivan Ruiz Jiménez;26
784;5f3d8fdd95f40596eae24131;droppz;Guilherme Siqueira;12
785;5f3d8fdd95f40596eae24416;drufinho;Arthur Langsch Miguel;12
786;5f3d8fdd95f40596eae24351;Easel;Aqil Rusyaidi;49
787;5f9e1becd37c44ef43654b04;Eclipse;Aron Jones;48
788;5f9c84525246bf27936bd408;eekso;Dylan Pickering;28
789;5f3d8fdd95f40596eae244a3;ejby;William Ejby Lorentzen;38
790;5f3d8fdd95f40596eae23f44;Ekon;Thomas Chenel;29
791;5f3d8fdd95f40596eae24347;Electro;Lucas Santos;12
792;5f3d8fdd95f40596eae242dc;Eleven;Elven Seow;7
793;5f3d8fdd95f40596eae241e2;EleXiT.;Alexis Sevré;29
794;5f3d8fdd95f40596eae244b1;ElOmarMaton;Omar Alba;50
795;5f3d8fdd95f40596eae23f73;emre;Emre Akbalik;47
796;5f3d8fdd95f40596eae24142;ExoTiiK;Brice Bigeard;29
797;5f3d8fdd95f40596eae23fb9;Extra;Alex Paoli;29
798;5fadd1c3a392ba2afb9f25a4;Fahad77;Fahad Ali;3
799;5f3d8fdd95f40596eae23dad;Fairy Peak!;Victor Locquet;29
800;5f99d065786e9eb85284d9bb;Faisal;Faisal Alghamdi;3
801;5f3d8fdd95f40596eae241c3;Falss;Erick del Castillo;50
802;5f3d8fdd95f40596eae23f48;fAsi;Pedro Henrique Rodrigues;12
803;5fc430a7133774d1c57b0fb0;FERGM;Fernando Gil;26
804;616da9ecf8090ec7452886b7;Fettic;Yu-Jin Kim;31
805;5f8648d5c1b0ba58c1ea22e8;Ficeo;Jassen Sandrio;14
806;5f3d8fdd95f40596eae24394;Firas;Firas Al-Shehri;3
807;5f3d8fdd95f40596eae23f64;FirefoxD;Antonio Schilling;12
808;5f3d8fdd95f40596eae23e7e;Flakes;Hrant Yakoub;51
809;5f3d8fdd95f40596eae23e78;FlamE;Jack Pearton;28
810;5f3d8fdd95f40596eae24541;Flare;Benjamin Orellana Sepulveda;19
811;5f3d8fdd95f40596eae241cd;Forece;Léo Boulon;29
812;605d19814d63e1b16e2ff63c;Fortymula7;Md Fardin Nahid;7
813;5f3d8fdd95f40596eae23dae;FreaKii.;Sandro Holzwarth;47
814;5f3d8fdd95f40596eae23fda;Freshness;Martin Totev;43
815;5f3d8fdd95f40596eae23ecc;fruity;Emil Moselund;38
816;5f77ad1ea0cb87e0663bc1d0;Gekk;Wouter Vrakking;51
817;5faea93ae9ce4ed313e9a8bb;Geo;George Biddlecombe;15
818;5f3d8fdd95f40596eae2427e;Gian;Gian M.;12
819;5f3d8fdd95f40596eae23ec2;Godsmilla;Leon Mares;47
820;5f3d8fdd95f40596eae24355;Gon;Handy Setiawan;14
821;5f3d8fdd95f40596eae24028;Growlii;Joseph Caffrey;28
822;5f3d8fdd95f40596eae23f5c;Haberkamper;Bruno Haberkamp;12
823;60bb4abf6d9c1362119ca7d0;Happymeal;David du Plessis;2
824;5f3d8fdd95f40596eae2414d;Hargun;Hargun Singh;10
825;600a352d3079570c0276617e;Hasyimf;Hasyim Firdaus;14
826;5f3d8fdd95f40596eae24235;hibbs;Joseph Jamie Hibbert;28
827;60c5ca0f9fc1a47e5f111aac;Hiro_m;Hiroki Masuda;1
828;6169e123143c37878b23934c;Hisoka;Osama Ali;3
829;5f3d8fdd95f40596eae24044;Hyderr;Giovanni Spagnuolo;44
830;5f3d8fdd95f40596eae24130;ianpinheiro;Gabriel Pinheiro;12
831;5f3d8fdd95f40596eae24170;Impressive;Bandar Al-Shaikh;3
832;5f3d8fdd95f40596eae241cf;Iryzer;Mehdi Kheloui;29
833;616d8e4df8090ec745288392;iSuquin;Maurício Dalavia;12
834;5f5ae840c6cbf591c568a477;itachi;Amine Benayachi;52
835;5f3d8fdd95f40596eae23e10;ivn;Ivan Mohammad;53
836;60c8613788116f536df969c5;Jamerch;Jamie Au Yeung;7
837;5f3d8fdd95f40596eae23efa;JarelNaden;Naden Jarel;7
838;5f3d8fdd95f40596eae24344;jauum;João Victor Giraldelli;12
839;5f3d8fdd95f40596eae244c4;Jay;Josh Podruzny;43
840;5f3d8fdd95f40596eae23d8f;JKnaps;Jacob Knapman;43
841;607d7c77473f172e4c0cf60d;jocse;Nirjhar Mitra;10
842;5f3d8fdd95f40596eae2413b;Jordan;Daniel Bholla;43
843;5f3d8fdd95f40596eae24163;Joreuz;Joris Robben;51
844;5f3d8fdd95f40596eae24232;Joyo;Joe Young;28
845;5f3d8fdd95f40596eae23fad;Justuszzz;Justus Zielhuis;51
846;6162fbe5f8090ec7452873b1;kabbo;Kabbo Razzaque;9
847;5f3d8fdd95f40596eae2414e;Kaizen;Sahid Mohammed Zaiffy;7
848;5f3d8fdd95f40596eae23e36;Kamii;Cameron Ingram;15
849;5f3d8fdd95f40596eae23ee5;Kanra;Yukito Nishikawa;1
850;5f3d8fdd95f40596eae23f8e;Kaotik;Jules Blondel;29
851;5f3d8fdd95f40596eae24024;Kash;Kurtis Cannon;28
852;5f3d8fdd95f40596eae23ee0;Kassio;Andy Landais;29
853;616daa42f8090ec7452886d0;katosho;Sho Kato;1
854;5f3d8fdd95f40596eae23d9a;Kaydop;Alexandre Courant;29
855;61695feaf8090ec745287a99;Kevin;Kevin Ameye;22
856;5f3d8fdd95f40596eae23e2a;KierMonsteR;Francisco Javier Carrasco;26
857;5f3d8fdd95f40596eae24029;Kiernan;Robert Kiernan;54
858;5f3d8fdd95f40596eae244b5;Kisai;Maël Vilain;29
859;5f3d8fdd95f40596eae24345;kixou;Bruno Moreno;12
860;5fc7027b521c2b728acffea2;Klaus;Jonathan Eduardo;12
861;5f3d8fdd95f40596eae2433e;KnS;Kaique Silva;12
862;5f3d8fdd95f40596eae23e12;Kryptos;Özay Alp Köseoglu;47
863;5f3d8fdd95f40596eae23d97;kuxir97;Francesco Cinquemani;44
864;605108952629ffaa11f76dae;kv1;Danilo Michelini;12
865;5f3d8fdd95f40596eae24143;Kérian;Kérian Candolfi;29
866;5f3d8fdd95f40596eae23fbc;Labyrinth;Osman Ali;55
867;5faeaadce9ce4ed313ea2fc7;laucha;Laureano Retamar;16
868;5f7ca648ea8a0f0714fb9a20;Laxin;Ivason Tavai;15
869;5f3d8fdd95f40596eae24148;LCT;Louis Christian Thamrun;14
870;5f3d8fdd95f40596eae2439c;LEGEND.;Ayman Abdullah;3
871;5f3d8fdd95f40596eae240da;LeoDkn;Leonardo Alves de Jesus;12
872;5f3d8fdd95f40596eae23f5a;Lexim;Tomas Saporito;16
873;606fa871df8625976fd8a4c6;LGGS;Ahmed Al-Zahrani;3
874;5f3d8fdd95f40596eae24233;Lorely;Arda Teker;56
875;5fcbf75d0fed6b419c84e7f1;Lostt;Gabriel Buzon;12
876;5f3d8fdd95f40596eae244d8;lucas06;Lucas Agripino;12
877;5f3d8fdd95f40596eae24155;LuiisP;Luis Puente Peña;26
878;5f3d8fdd95f40596eae240eb;Luk;Lucas Folly;12
879;5f3d8fdd95f40596eae240d2;M0nkey M00n;Evan Rogez;29
880;5f3d8fdd95f40596eae24186;M7sN;Abdulmohsen Al-Khamis;3
881;5f3d8fdd95f40596eae24234;Madssssss.;Mads Lindholm Sørensen;38
882;5f3d8fdd95f40596eae240ec;Manteca;Franco Damiani;16
883;5f3d8fdd95f40596eae23f7f;MaRc_By_8.;Marc Domingo;26
884;5f3d8fdd95f40596eae2414b;Maru;Itsuki Fukuda;1
885;5fcbf76f0fed6b419c84f1d0;math;Matheus Gonçalves;12
886;60d4410767835678df016419;Mathz;Mathias Bequio;20
887;5f3d8fdd95f40596eae240d5;matix;Matheus Rodrigues;12
888;5f3d8fdd95f40596eae24025;matsgrey;Mads Graae Westergaard;38
889;5f3d8fdd95f40596eae23f8f;Maxeew;Max Ng;54
890;5f3d8fdd95f40596eae23dc6;Metsanauris;Otto Kaipiainen;55
891;5f9c7cde5246bf27936b4572;mikan;Shun Yokota;1
892;5f3d8fdd95f40596eae2407d;Mikeboy;Mike Verkuijlen;51
893;5f3d8fdd95f40596eae241c7;Mingo;Óscar Mínguez;26
894;5f3d8fdd95f40596eae23f9b;Mittaen;Mitchell Driessen;51
895;5f3d8fdd95f40596eae24386;Msh;Mshary Abdulaziz;3
896;60c1e927490bd8649dd30bcd;mzxy.;Yussef Al-Dabbagh;3
897;5f3d8fdd95f40596eae23e2b;Nachitow;Nacho Gimenez;26
898;6169e1f0f8090ec745287c7d;Nawaf90;Nawaf Albediri;3
899;5f3d8fdd95f40596eae2455b;Negative;Nemr R;4
900;5f3d8fdd95f40596eae23ef4;Nemoto;Nemoto Putti;1
901;5f3d8fdd95f40596eae2456d;Net;Jack;15
902;5f3d8fdd95f40596eae24080;nex.;Henri Krüger;47
903;6074ce5500af93009ae4f83f;nibra;Brandon Ouellet;43
904;5f3d8fdd95f40596eae2427f;Ninja23509;Gabriel Lemes;12
905;5fa0cee16b86d89d524afa0e;Noahsaki;Noah Gillespie;28
906;5f3d8fdd95f40596eae240d3;noly;Joseph Kidd;28
907;5f3d8fdd95f40596eae23fd2;Noxes;Aaron Cadiz;57
908;5f3d8fdd95f40596eae2433c;nxghtt;Olímpio Torres;12
909;5f3d8fdd95f40596eae24224;oaly.;Ole van Doorn;51
910;5f3d8fdd95f40596eae23f95;oKhaliD;Khalid Qasim;3
911;5f3d8fdd95f40596eae2414c;OLPiX;Kenyo Ito;1
912;5f3d8fdd95f40596eae23e7f;Oscillon;Maarten van Zee;51
913;5f3d8fdd95f40596eae2444d;Oski;Oskar Gozdowski;58
914;5f3d8fdd95f40596eae241ac;oVaMPiiERz;Abdullah Al-Ruwaili;3
915;5f3d8fdd95f40596eae240dd;pan.;Sebastián Parra;19
916;5f3d8fdd95f40596eae243a6;parka;Jovan Richet;29
917;5f3d8fdd95f40596eae24335;Pedrinho;Pedro Henrique;12
918;5f3d8fdd95f40596eae23f50;PJ;Diogo Sanches Ferme;12
919;5f3d8fdd95f40596eae23fb8;Polar;Dan Rees;28
920;5f3d8fdd95f40596eae2414f;Poofy;Benjamin Yeow;7
921;5f3d8fdd95f40596eae2447e;pryyme;Pierre Binet;29
922;5f3d8fdd95f40596eae24544;Pulga;Santiago Acosta;16
923;5f3d8fdd95f40596eae240cc;radoko.;Josh Ruiz Radtke;43
924;5f3d8fdd95f40596eae241d5;Radosin;Andrea Radovanović;29
925;60706a51b50e1153fdcaec34;Rafdoang13;Rafi Saputra;14
926;5f3d8fdd95f40596eae23ef5;ReaLize;Shogo Ikeyama;1
927;61794c70143c37878b23adc3;Regime;Marcus Ang-Angco;6
928;5f3d8fdd95f40596eae244b8;rehzzy;Kieran Hogan;28
929;5f3d8fdd95f40596eae23f97;RelatingWave;Lucas Rose;28
930;5f3d8fdd95f40596eae24570;RemiK;Luka Jeremic;15
931;5f3d8fdd95f40596eae23f51;renaN;Renan Rossi de Oliveira;12
932;61801489143c37878b23bdb7;renanX;Renan Funtowicz;12
933;5f3d8fdd95f40596eae23f56;repi;Felipe Pereira Chaves;12
934;607d7d84473f172e4c0d348c;res;Keanu Adrian;14
935;5f3d8fdd95f40596eae24097;Rexo;Nicklas Brix;38
936;5f3d8fdd95f40596eae24357;rey;Rei Izawa;1
937;5f3d8fdd95f40596eae240e8;Reysbull;Victor Duran Parra;19
938;5f3d8fdd95f40596eae23e0c;Rezears;David Wuensch;47
939;61daf423da9d7ca1c7ba3dbb;Rezwy;Muhammad Yusuf Harithah;5
940;6064e22e3036cdb09d774566;ripoopi;Dika Utama;14
941;5f3d8fdd95f40596eae23f9e;rise.;Finlay Ferguson;28
942;5f3d8fdd95f40596eae23de1;Rix_Ronday;Rix Ronday;51
943;5f3d8fdd95f40596eae23fa4;Rizex45;Riccardo Mazzotta;47
944;5f3d8fdd95f40596eae24414;Roblah;Matias Rocha;19
945;5f3d8fdd95f40596eae23ed8;Ronaky;Aldin Hodzic;38
946;5f3d8fdd95f40596eae2434b;Royales;Matheus Rodrigues;12
947;5f3d8fdd95f40596eae241f6;Rxii;Raimon Falgueras;26
948;5f3d8fdd95f40596eae2433d;Sad;Roberto Lima de Souza;12
949;5f3d8fdd95f40596eae2401e;saizen;Thiméo Corcuff;29
950;5f3d8fdd95f40596eae240e3;Scarth;Dean Bagrie;15
951;5f3d8fdd95f40596eae23eb5;Scrub Killa;Kyle Robertson;59
952;601a30c6d35e6ea972756329;Seck;Santino Ulla;16
953;5fd40fc10e831f1d52bd96a5;Seikoo;Enzo Grondein;29
954;5f3d8fdd95f40596eae23f8d;Senzo;Ahmed Ayed;3
955;5f3d8fdd95f40596eae240ea;Shad;Facundo Vallerino;16
956;5f3d8fdd95f40596eae23ee9;Shaolon;Takuma Kawajiri;1
957;60c077a3490bd8649dd308f0;Shila;Jonas Cekrezi;47
958;5f9c3785644531b1fd5923f9;simas;Simas Gurskis;60
959;61731962f8090ec745288a9a;SkillSteal;Niel-Robèrt Burger;2
960;5f3d8fdd95f40596eae24153;SleWeyy;Dylan Comtesse;29
961;5f3d8fdd95f40596eae24387;Smw.;Osama Al-Humaidan;3
962;5f3d8fdd95f40596eae23f5e;snipjz;André Mendonça;12
963;60bb4abf6d9c1362119ca7d4;Snowyy;Gareth Spiers;2
964;600a354a3079570c02766eb7;Sobral;Murilo Sobral;12
965;5f3d8fdd95f40596eae240cf;sosa;Gianluca Petrozza;43
966;5f3d8fdd95f40596eae23dec;Speed;Jack Packwood-Clarke;28
967;5f3d8fdd95f40596eae24279;Spratt;Jack Woodacre;15
968;5f3d8fdd95f40596eae242aa;Squigly;Muhammad Afiq;7
969;5f3d8fdd95f40596eae23f18;Squirrel;Jordy Loing;14
970;5f3d8fdd95f40596eae23d95;Squishy;Mariano Arruda;43
971;5f8910cc4f0e8d24ca7ef454;Sqy;Khalid Alsaadi;3
972;5f3d8fdd95f40596eae24419;SrNaniiTou;Federico Morteyru;16
973;5f3d8fdd95f40596eae23e1d;Stake;Marc Bosch;26
974;60e03bad67835678df016db4;Stizzy;Gaspar Rosalen Andres;26
975;6110460987f814e9fbfff532;Stolen;Juan Ignacio Bravo;16
976;5f3d8fdd95f40596eae24133;SubHallz;Dário Sciré;12
977;5f3d8fdd95f40596eae24396;Suspect;Mohammed Hamad;3
978;5f3d8fdd95f40596eae23fba;SwoOpin;Nael Porlan;29
979;5f3d8fdd95f40596eae23f52;Szaro;Lautaro Araya;16
980;5f3d8fdd95f40596eae24194;T7LM;Fahad Almsabe;3
981;5f3d8fdd95f40596eae23ec5;Tadpole;Euan Ingram;48
982;5f3d8fdd95f40596eae23f58;tander;Enzo Toledo;12
983;5f3d8fdd95f40596eae23dd4;Taroco.;Alexandre Reis Pedrogam;43
984;5f3d8fdd95f40596eae2454b;TaTu;Santiago Tobias Guzman;16
985;5f3d8fdd95f40596eae23f23;Tenhow;Tenhou Igushi;1
986;5f3d8fdd95f40596eae2407f;ThO.;Thomas Binkhorst;51
987;5f3d8fdd95f40596eae23de2;Tigreee;Maik Hoffmann;47
988;5f5ae884c6cbf591c568a5a2;Titoh;Calder Pagee;43
989;5f3d8fdd95f40596eae241e0;Tjester;Pascal Rousseau;29
990;60c1eae6490bd8649dd30bf2;tmim;Tamim Al-Huwairi;3
991;61896062f8090ec74528ba96;tomato.;Shane Mendoza;6
992;5f3d8fdd95f40596eae23e1e;Tox;Damian Schaefer;47
993;61950d7bf8090ec74528ce41;treulha;João Vitor Motta;12
994;5fc43098133774d1c57b03f0;trk511;Mohammed Alotaibi;3
995;5f3d8fdd95f40596eae23d9b;Turbopolsa;Pierre Silfver;61
996;5f77af55a0cb87e0663bc4f1;twistt;Vinicius Marcos;12
997;5f3d8fdd95f40596eae2439b;Twiz;Mohammed Al-Saeed;3
998;5f8910cc4f0e8d24ca7ef44e;TxMpeR;Tim Holland;51
999;5f3d8fdd95f40596eae244d6;UmBroken;Lucas Fierro;16
1000;5f9c7f6b5246bf27936b889b;valt;Valter Junior;12
1001;5faeab91e9ce4ed313ea9570;Vatira;Axel Touret;29
1002;5f3d8fdd95f40596eae24388;Venom;Yahya Alghamdi;3
1003;5f5ae860c6cbf591c568a505;Viic;Nik R.;15
1004;5f3d8fdd95f40596eae23d9c;ViolentPanda;Jos van Meurs;51
1005;5f5ae820c6cbf591c568a3f7;virtuoso;Nelson Lasko;54
1006;60b9efc2750df5a9c034d370;Vis;Jarvis Ahomiro;15
1007;5f3d8fdd95f40596eae23fa9;VKSailen;Diego Isla Serrano;26
1008;609ba41ca07ea8dc370405af;VorTex;Samer Mazen;3
1009;5f3d8fdd95f40596eae24348;Wells;Deyvis Campos;12
1010;60bb4abf6d9c1362119ca7d1;Werty;Umar Rasool;2
1011;5f3d8fdd95f40596eae241e1;WhiiskyDrink;Evan Castagno;29
1012;60a5409ea7f8a4ef11c8c5bc;WonderCake;Mohammed Al-Dahname;23
1013;60fa7bdb87f814e9fbffdc6f;xTehQoz.;Oscar Arco;26
1014;5f3d8fdd95f40596eae24280;yanD;Yan Dias;12
1015;5f3d8fdd95f40596eae24337;yanxnz;Yan Nolasco;12
1016;5f3d8fdd95f40596eae23ebb;Yukeo;Maurice Weihs;53
1017;5f3d8fdd95f40596eae23f46;Yukiss;Clément Pardonche;29
1018;5f3d8fdd95f40596eae23e20;Zamué;Samuel Cortés;26
1019;5f3d8fdd95f40596eae24134;Zanetti;Gabriel Zanetti de Lima;12
1020;607e5b88975d93c9be8f00ad;zayn;Sandeep Sahani;10
1021;5f3d8fdd95f40596eae24183;Zez0nix;Fahad Ahmed;3
1022;5f3d8fdd95f40596eae24415;ZhearX;Maximiliano Antonio Gálvez Fuentes;19
1023;5f3d8fdd95f40596eae23efb;ZiNX;Syazwan Muhd;7
1024;5f3d8fdd95f40596eae2412e;Amphis;Luke Riddell;8
1025;5f3d8fdd95f40596eae240e4;Aza;Aaron Smith;8
1026;5f3d8fdd95f40596eae24503;Baked Potato;Hamish Holden;8
1027;5f3d8fdd95f40596eae24562;Bal;Logan;8
1028;5fadd1baa392ba2afb9f1caa;bananahead;Jon Anastasakis;8
1029;5fdc33a6af4622aaaa8cf8f0;Benniiz;Ben Gray;8
1030;5f650d4c8912af8b5ce0dbae;cavemanben;Benjamin Bliss;8
1031;5f3d8fdd95f40596eae24276;ceeva;Mark Altrendo;8
1032;5f5ae8bcc6cbf591c568a67a;change;Craig M.;8
1033;5f3d8fdd95f40596eae23e27;Chilli;Michael Wittenberg;8
1034;5f3d8fdd95f40596eae2455d;Chub;Sam McGrath;8
1035;5f3d8fdd95f40596eae23e59;CJCJ;Cameron Johns;8
1036;5f3d8fdd95f40596eae240d7;Cobbo;Jacob Blacker;8
1037;5f3d8fdd95f40596eae2454f;Crazy;Ross Muller;8
1038;5f3d8fdd95f40596eae23f66;Cruzza;Marom;8
1039;5f3d8fdd95f40596eae24506;Cyrexal;Sacha Gilchrist;8
1040;5f3d8fdd95f40596eae23e46;cyrix;Nathan Baxter;8
1041;5f3d8fdd95f40596eae23e41;Daisu;Douglas Smith;8
1042;5f3d8fdd95f40596eae23f0a;Decka;Alex Tsoutsouras;8
1043;5f3d8fdd95f40596eae23e61;delusioN;Aiden Hendry;8
1044;5f3d8fdd95f40596eae240d6;eli;Eli C.;8
1045;5fab3e4665a68fabf15a7190;Exile;Vuk Vukovic;8
1046;5f3d8fdd95f40596eae2455f;Exodus;Aaron Sinclair;8
1047;5f3d8fdd95f40596eae23e53;Express;Jonathan Slade;8
1048;5f3d8fdd95f40596eae24077;Fever;Lachlan Aitchison;8
1049;5f3d8fdd95f40596eae242c9;Fiberr;Ezequiel Aranda-Lovito;8
1050;5f3d8fdd95f40596eae23ff1;finn;Finn J;8
1051;5f77af45a0cb87e0663bc49b;fluqwit;William E.;8
1052;5f3d8fdd95f40596eae23f06;Flux;Alec Khouri;8
1053;5f3d8fdd95f40596eae23f69;Ghost;Ben Phair;8
1054;605961fb426b95b9dd51146d;Gus;Angus Hall;8
1055;5f3d8fdd95f40596eae24078;Hawk;Connor Baldock;8
1056;5f3d8fdd95f40596eae242c6;Homie;Ethan Connors;8
1057;5fadd1c2a392ba2afb9f2414;Hughesy;Alex Hughes;8
1058;5f3d8fdd95f40596eae23e8c;Jelly;Blake D.;8
1059;5f3d8fdd95f40596eae24550;Joel;Joel C;8
1060;5f3d8fdd95f40596eae24567;Junior;Andy L;8
1061;6007476925dd47da00eef774;kaka;Josh W;8
1062;5f3d8fdd95f40596eae24560;Kuma;Xavier Tresidder;8
1063;5f3d8fdd95f40596eae24571;KyRo;Kyle Roeger;8
1064;5f3d8fdd95f40596eae24079;Le Duck;Maclean Rees;8
1065;5f3d8fdd95f40596eae240e2;Lerky;Lukas Vlachoulis;8
1066;5f3d8fdd95f40596eae242ca;Leviathan;Jamal Price;8
1067;5f3d8fdd95f40596eae24504;Lunr;Yuvraj Singh;8
1068;5f3d8fdd95f40596eae24561;Matro;Mathew Barrett;8
1069;604e562901d675f81a96b270;mel kin;Billy Barrington;8
1070;5f3d8fdd95f40596eae23ef3;misty;Gerry Woods;8
1071;5f8648d9c1b0ba58c1ea2306;mock;Bailey Bedford;8
1072;5f3d8fdd95f40596eae24278;Morse;Connor Sullivan;8
1073;5faea989e9ce4ed313e9d048;Panzer;James La Fontaine;8
1074;5f3d8fdd95f40596eae23e49;Requiem;William 'Billy' Hutchinson;8
1075;5f3d8fdd95f40596eae23f1d;Rothie;Zachary Rothleitner;8
1076;5f5ae85cc6cbf591c568a4f0;Samuel;Samuel Perez;8
1077;5f3d8fdd95f40596eae24500;Scout;James McGregor;8
1078;5f7ca648ea8a0f0714fb9a22;Scrub;Ethan Klumpp;8
1079;5f3d8fdd95f40596eae23e51;Seniaz;Joshua Saines;8
1080;5f3d8fdd95f40596eae2455c;Shmoopernator;Kristian D;8
1081;5f3d8fdd95f40596eae242c7;Shoe;Luke Davis;8
1082;5f8648d8c1b0ba58c1ea22fe;Shorez;Tai Kibble;8
1083;5f3d8fdd95f40596eae23e45;Siki;Christopher Magee;8
1084;5faea58a30a1de285907428d;Smash;Kiyan Ruddel;8
1085;5f3d8fdd95f40596eae242c1;Snowy;Jack Parrotta;8
1086;5f5ae854c6cbf591c568a4ce;Sonic;Dylan R;8
1087;5f3d8fdd95f40596eae24555;Sour;Sam Pennington;8
1088;5f5ae854c6cbf591c568a4cd;Spcterrr;Spencer Heaton;8
1089;5f3d8fdd95f40596eae2407b;SPYDOGE;Blake Evans;8
1090;5f3d8fdd95f40596eae23e4f;SSteve;Steve Berrospi;8
1091;5faeab4de9ce4ed313ea7516;Superlachie;Lachlan Gordon;8
1092;5f3d8fdd95f40596eae24569;Sweeper;Jesse Smith;8
1093;5f3d8fdd95f40596eae2407a;Tango;Mustafa Alshaik;8
1094;5fadd1c1a392ba2afb9f236c;tigr;Tom C.;8
1095;5f3d8fdd95f40596eae2427c;Tobee;Toby Aitken;8
1096;6107b1919d3c410761e8961f;tonio;Antonio Lavalle;8
1097;5f3d8fdd95f40596eae23e01;Torsos;Daniel Parsons;8
1098;5f650cee8912af8b5ce0d945;vortexioz;Andrew Barnes;8
1099;5f3d8fdd95f40596eae23e66;Walcott;Daniel Hawkeswood;8
1100;5f3d8fdd95f40596eae240e1;zayd;Jack Rae;8
1101;5f3d8fdd95f40596eae23e58;zenulous;Aidan Hui;8
1102;5f3d8fdd95f40596eae242c8;Zukoe;Dáithí M.;8
1103;5f3d8fdd95f40596eae241b7;2Piece;Jayden Horton;13
1104;5f3d8fdd95f40596eae2426f;Ahduhm;Adam Gehman;13
1105;5f3d8fdd95f40596eae240bb;AlphaKep;Austin Kepner;13
1106;5f3d8fdd95f40596eae24135;AlRaz;Alex Raczynski;13
1107;5f3d8fdd95f40596eae24136;Andy;Andrew Nolan;13
1108;5f3d8fdd95f40596eae24283;Angel;Jarret Birch;13
1109;5f84c4ddc1b0ba58c1ea1fda;Aqua.;Christopher Campbell;13
1110;5f3d8fdd95f40596eae23eda;Arsenal;Tshaka Lateef Taylor Jr;13
1111;5f3d8fdd95f40596eae2435a;astro;Ty Bullinger;13
1112;5f3d8fdd95f40596eae23fe6;Atomic;Massimo Franceschi;13
1113;5f9c805c5246bf27936b981b;ayjacks;Jackson Carter;13
1114;5f3d8fdd95f40596eae23eba;AYYJAYY;Austin Aebi;13
1115;5f3d8fdd95f40596eae240f2;Bambii;Marcello Aedo;13
1116;5f3d8fdd95f40596eae241bb;Beastaboniam;Joseph Rotundo;13
1117;5f3d8fdd95f40596eae241b8;BeastMode;Landon Konerman;13
1118;5f3d8fdd95f40596eae24362;beeyu;Siddharth Ramanathan;13
1119;5f3d8fdd95f40596eae23fde;Buddy;Alex C.;13
1120;610a61c79d3c410761e89934;cam.;Cameron Barker;13
1121;602b2eeea34823c27b17dd11;Cheese;Carlos Aguado;13
1122;5f3d8fdd95f40596eae23dba;Chicago;Reed Wilen;13
1123;5f3d8fdd95f40596eae241c9;Chronic;Nick Iwanski;13
1124;5f3d8fdd95f40596eae240b2;Comm;Robert Kyser;13
1125;5f3d8fdd95f40596eae24363;Daniel;Daniel Piecenski;13
1126;5f3d8fdd95f40596eae23d89;Dappur;Chris Mendoza;13
1127;5f3d8fdd95f40596eae240b4;Delta;Robbie Zager;13
1128;5f3d8fdd95f40596eae24265;diaz;Joshua Diaz;13
1129;5f6a65e5a882dc387d010529;dreaz;Andres Jordan;13
1130;5fb5cdef08615f1e71dbcb89;Druee;Andrew Prill;13
1131;5f3d8fdd95f40596eae244b0;Fefe;Fernando Huizar;13
1132;60b0ce9a6f276bd52a382b9d;FireRaptor;Zach Ellis;13
1133;5f3d8fdd95f40596eae23eb6;Firstkiller;Jason Corral;13
1134;5f3d8fdd95f40596eae2451f;Flitz;Dylan Taussig;13
1135;5f3d8fdd95f40596eae24109;Forky;Carson Howard;13
1136;616daa42f8090ec7452886ce;furlashh;Caden Shimazawa;13
1137;5f3d8fdd95f40596eae23d6f;GarrettG;Garrett Gordon;13
1138;5f3d8fdd95f40596eae23d94;Gimmick;Jesus Parra;13
1139;5f3d8fdd95f40596eae23edb;Gyro.;Jirair Papazian;13
1140;5f3d8fdd95f40596eae24271;hockE;Stephen H.;13
1141;5f3d8fdd95f40596eae23f75;hockser;Colby James;13
1142;5f3d8fdd95f40596eae23d7b;Jacob;Jacob McDowell;13
1143;5f3d8fdd95f40596eae244ae;Jbot;Jason Stentz;13
1144;5f5ac3bfcf2177bd68e21d1d;jruss;Jacob Clarkson;13
1145;5f3d8fdd95f40596eae23dcf;jstn.;Justin Morales;13
1146;602b2eeea34823c27b17dd12;kayex;Andrew Claudio;13
1147;5f3d8fdd95f40596eae24138;kinseh;Sukhpartik Kahlon;13
1148;5f3d8fdd95f40596eae24272;kirii;Dillen Johnson;13
1149;5f3d8fdd95f40596eae241c2;Kraziks;Trentin Wade;13
1150;5f3d8fdd95f40596eae23d7e;Kronovi;Cameron Bills;13
1151;605ac3556ab41e29695bbc57;Leakez;Noah Obregon;13
1152;5f3d8fdd95f40596eae240c3;LionBlaze;Hunter Woitas;13
1153;5f3d8fdd95f40596eae2426a;Lj;Logan Wilt;13
1154;5f3d8fdd95f40596eae2413f;Luke;Luccas Oyarce;13
1155;609c1145a07ea8dc37041006;Lunar;Joshua Vannoy;13
1156;5f5ac3c9cf2177bd68e21d89;majicbear;Christopher Acevedo;13
1157;5f3d8fdd95f40596eae240c2;mectos;Jack Privitera;13
1158;5f3d8fdd95f40596eae23d8e;Memory;Michael Moss;13
1159;5f99caa2786e9eb85284bf05;mist;Nick Costello;13
1160;5f3d8fdd95f40596eae2429b;money;Johnny Cambunga;13
1161;5f3d8fdd95f40596eae24364;Monster442;Deshane Williams;13
1162;5fb5ce2c08615f1e71dbe740;nexuhty;Zach McClintock;13
1163;602b2f66a34823c27b1810d9;night.;Eli Price;13
1164;5f5ae9d3c6cbf591c568a965;Nitrous;Zander Shah;13
1165;5f3d8fdd95f40596eae244e0;NoMansion;Samuel Good;13
1166;5fdd040aaf4622aaaa8dfbf0;oath;Arlin Burns;13
1167;5f5ae87bc6cbf591c568a57b;Paarth;Will Crews;13
1168;5f3d8fdd95f40596eae2413c;percy.;Oliver Kenneth Ortiz;13
1169;5f3d8fdd95f40596eae24574;Pollo;Noe C.;13
1170;5f3d8fdd95f40596eae23e9e;rapid;Jalen Parker;13
1171;5f663e7728947d10dd334263;retals;Slater Thomas;13
1172;5f3d8fdd95f40596eae23f7c;Roll Dizz;Raul Diaz;13
1173;5fdc3421af4622aaaa8d4b18;Roxrz;Osvaldo Perez;13
1174;605ac1ec6ab41e29695bbadb;salidow;Luke Harvey;13
1175;5f3d8fdd95f40596eae23db6;SavvySeal;Andy Adkins;13
1176;5f3d8fdd95f40596eae23d92;Sea-Bass;Sebastian Becerra;13
1177;605c1b65c1b8f0484d8560ce;shmacked;Noah West;13
1178;5f3d8fdd95f40596eae23f77;Shock;Nathan Frommelt;13
1179;616daa42f8090ec7452886cf;sigms;Isaac Cooper;13
1180;5f3d8fdd95f40596eae240b1;Skillz.;Shawn Young;13
1181;5f3d8fdd95f40596eae2426b;Spyder;Dylan Jerome;13
1182;5f3d8fdd95f40596eae24040;Stealth;Carson Caruthers;13
1183;5f3d8fdd95f40596eae23fdc;Stokelyy;Paulie Santoro;13
1184;5f3d8fdd95f40596eae23ede;Sypical;Caden Pellegrin;13
1185;5f3d8fdd95f40596eae23f42;tcorrell;Tristian Correll;13
1186;5f3d8fdd95f40596eae23fd4;Thundah;Cooper Cox;13
1187;5f3d8fdd95f40596eae241bc;Toastie;Eli Nichols;13
1188;5f3d8fdd95f40596eae240f4;Tool;Ryan F.;13
1189;5f3d8fdd95f40596eae23d72;Torment;Kyle Storer;13
1190;5f3d8fdd95f40596eae24260;.tristn;Tristan Roberts;13
1191;5f3d8fdd95f40596eae240f1;Turinturo;Leonardo Wilson;13
1192;5f9e1bfcd37c44ef43654b70;Tvaristo;Tavares Mitchell;13
1193;5f3d8fdd95f40596eae24266;Wellace;Kody Richards;13
1194;5f3d8fdd95f40596eae24139;WondaMike;Michael Santoriello;13
1195;5f3d8fdd95f40596eae244c5;xpurt;Jason Nwokedi;13
1196;5f5af555c6cbf591c568abbb;Zineel;Kadin Zineelabidine;13
1197;5f3d8fdd95f40596eae240cb;ZPS.;Anthony Marcello Perez;13
1198;6295e068da9d7ca1c7bb172c;f00f00;;1
1199;6295e309da9d7ca1c7bb17de;FeteLix;;1
1200;6295e309da9d7ca1c7bb17dc;ika eater;;1
1201;6295e0c5c437fde7e02d8ec6;kanoso;;1
1202;6295e309da9d7ca1c7bb17dd;tapi_chan;;1
1203;6295e832c437fde7e02d8fbd;D-Money;;2
1204;629b2251da9d7ca1c7bb1c84;Dcln;;2
1205;629b206ada9d7ca1c7bb1c21;Nuke;;2
1206;6295d989da9d7ca1c7bb1597;br0s1;;16
1207;6295ceb7da9d7ca1c7bb13d8;Dying;;26
1208;6295daa8da9d7ca1c7bb15e6;Edu;;12
1209;6074ce3000af93009ae4f7d6;LagLy;;16
1210;6295d989da9d7ca1c7bb1598;lukky;;16
1211;6295db73c437fde7e02d8d9f;miiith;;12
1212;5f99d08c786e9eb85284da70;Pabl0;;29
1213;6295d989da9d7ca1c7bb1596;peexto;;20
1214;60597e85426b95b9dd517d74;Rmnn;;16
1215;5fcd2d11276ec38f1541cfd0;billy;Billy Hinchliffe;28
1216;5f3d8fdd95f40596eae2453b;FiremanJonas;;62
1217;5f3d8fdd95f40596eae23fa0;Inferno;;62
1218;5f3d8fdd95f40596eae2403f;Seeb;;62
1219;5f3d8fdd95f40596eae23f4c;Wais;Matías Waisman;16
1220;5f3d8fdd95f40596eae23faf;Vive;Sean Green;8
